0.27738171344520346,1.436589771458685
0.2473729277340606,1.4773664740158239
0.21786642973963666,1.5188676576061155
0.1888815569213964,1.5610709175189932
0.16043764673882954,1.6039538490438847
0.1325540366514062,1.6474940474702038
0.1052500641186036,1.69166910808738
0.07854506659990079,1.7364566261848413
0.052458381554773226,1.7818341970520049
0.0270093464427017,1.8277794159782985
0.002217298723161676,1.8742698782531377
-0.021898424144371376,1.9212831791659664
-0.04531848470041844,1.9687969140061838
-0.06802354548550582,2.0167886780632305
-0.08999426904014918,2.0652360666265253
-0.11121131790487926,2.114116674985505
-0.13165535462021438,2.163408098429578
-0.1513070417266782,2.213087932248161
-0.17014704176479434,2.263133771730706
-0.1881560172750838,2.313523212166615
-0.20531463079807022,2.3642338488453163
-0.22160354487427902,2.4152432770562466
-0.23700342204422942,2.4665290920888125
-0.25149492484844593,2.518068889232447
-0.26505871582744955,2.5698402637765696
-0.2776754575217657,2.621820811010611
-0.28932581247191447,2.673988126223989
-0.29999044321842305,2.7263198047061366
-0.30965200403081283,2.778793881389454
-0.31832480104248795,2.8313953778594634
-0.3260484881440311,2.8841149108220296
-0.33286343060394064,2.9369432540085523
-0.33880999369070164,2.9898711811504093
-0.34392854267280093,3.042889465979
-0.34825944281873156,3.0959888822257184
-0.35184305939698035,3.1491602036219497
-0.3547197576760315,3.2023942038990842
-0.356929902924378,3.2556816567885143
-0.3585138604105058,3.3090133360216285
-0.35951199540290624,3.362380015329819
-0.3599646731700705,3.415772468444482
-0.3599122589804784,3.4691814690969984
-0.3593951181026247,3.5225977910187662
-0.35845361580500157,3.576012207941174
-0.35712811735608785,3.6294154935956104
-0.35545898802437836,3.6827984217134695
-0.35348659307835817,3.7361517660261345
-0.3512512977865221,3.789466300265012
-0.3487934674173534,3.842732798161471
-0.3461534672393416,3.8959420334469232
-0.34337166252097884,3.949084779852747
-0.3404884167447948,4.002151811718731
-0.3375367588387297,4.0551364019895
-0.3345256700022805,4.108040015759409
-0.33145921053541016,4.160865794486819
-0.32834144073806915,4.213616879630084
-0.3251764209102195,4.266296412647577
-0.3219682113518232,4.318907534997662
-0.3187208723628334,4.371453388138683
-0.31543846424320954,4.423937113529011
-0.31212504729290824,4.4763618526270115
-0.30878468181188534,4.528730746891036
-0.30542142810010287,4.581046937779448
-0.3020393464575166,4.63331356675061
-0.29864249718408686,4.68553377526289
-0.29523494057976674,4.737710704774637
-0.2918207369445174,4.789847496744219
-0.2884039465782955,4.841947292629994
-0.28498862978105866,4.894013233890323
-0.28157884685276624,4.946048461983569
-0.2781786580933776,4.998056118368092
-0.2747921238028459,5.0500393445022596
-0.2714233042811305,5.102001281844416
-0.2680762598281916,5.15394507185294
-0.264755050743986,5.205873855986184
-0.2614637373284694,5.257790775702507
-0.2582063798816012,5.309698972460277
-0.25498703870333994,5.361601587717846
-0.25180977409364314,5.413501762933585
-0.24867864635247017,5.465402639565852
-0.24559771577977507,5.517307359073005
-0.2425710426755181,5.569219062913403
-0.23960268733965684,5.621140892545412
-0.23669671007214976,5.673075989427398
-0.2338571711729518,5.725027495017706
-0.23108813094202674,5.7769985507747155
-0.2283936496793224,5.828992298156763
-0.2257777876848044,5.881011878622235
-0.2232446052584356,5.933060433629485
-0.22079816270016028,5.985141104636867
-0.21844252030994848,6.037257033102751
-0.2161817383877498,6.089411360485489
-0.21401987723352445,6.141607228243444
-0.21196099714723182,6.1938477778349785
-0.21000915842882684,6.24613615071846
-0.20816842137827418,6.298475488352246
-0.20644284629552256,6.350868932194684
-0.20483649348053667,6.4033196237041565
-0.2033531408119975,6.455830528313266
-0.20199200304005327,6.5084017673767
-0.20074860130487515,6.561031160119249
-0.19961835066906897,6.613716459650362
-0.19859666619523342,6.666455419079467
-0.1976789629459832,6.719245791516014
-0.19686065598391167,6.772085330069434
-0.19613716037162732,6.824971787849158
-0.1955038911717324,6.877902917964645
-0.1949562634468336,6.930876473525316
-0.19448969225953494,6.98389020764062
-0.19409959267244048,7.036941873419986
-0.19378137974815157,7.090029223972861
-0.19353046854927314,7.143150012408677
-0.19334227413841365,7.19630199183689
-0.19321221157816737,7.249482915366915
-0.19313569593115076,7.302690536108205
-0.19310814225996076,7.355922607170198
-0.1931249656272005,7.409176881662328
-0.19318158109547756,7.46245111269403
-0.193273403727396,7.515743053374756
-0.19339584858555625,7.569050456813935
-0.19354433073256772,7.622371076121006
-0.1937142652310273,7.675702664405414
-0.1939010671435426,7.7290429747765845
-0.19410015153272475,7.782389760343975
-0.194306933461168,7.835740774217008
-0.1945168279914773,7.889093769505127
-0.19472525018626285,7.942446499317779
-0.19492761510812429,7.995796716764392
-0.19511933781966828,8.049142174954408
-0.19529583338349354,8.102480626997266
-0.19545251686220766,8.155809826002407
-0.1955848033184182,8.209127525079264
-0.1956881078147248,8.262431477337284
-0.19575784541373498,8.3157194358859
-0.19578943117804837,8.368989153834548
-0.19577828017026988,8.422238384292676
-0.1957198074530062,8.475464880369714
-0.1956094280888614,8.528666395175104
-0.1954425571404359,8.581840681818289
-0.19521460967033732,8.634985493408696
-0.19492100074117147,8.688098583055776
-0.19455714541553437,8.741177703868964
-0.19411845875603895,8.794220608957698
-0.19360035582528656,8.847225051431412
-0.19299825168588036,8.90018878439955
-0.1923075614004226,8.953109560971551
-0.19152370003152086,9.005985134256854
-0.19064208264177473,9.058813257364893
-0.18965812429379447,9.11159168340511
-0.18856724005018055,9.16431816548695
-0.18736484497353878,9.216990456719842
-0.18604635412646964,9.269606310213227
-0.18460718257157893,9.322163479076544
-0.18304274537147336,9.374659716419231
-0.18134845758875606,9.42709277535073
-0.1795197342860284,9.479460408980483
-0.17755199052589532,9.531760370417917
-0.1754406413709635,9.58399041277248
-0.1731811018838334,9.636148289153606
-0.17076878712711263,9.688231752670738
-0.16819911216340344,9.740238556433312
-0.16546749205530809,9.792166453550763
-0.16256934186543415,9.84401319713254
-0.15950007665638477,9.895776540288079
-0.15625511149076132,9.947454236126806
-0.15282986143117405,9.999044037758178
-0.14921974154022166,10.05054369829162
-0.14542016688050907,10.101950970836576
-0.1414265525146412,10.153263608502485
-0.13723431350521942,10.204479364398779
-0.13283886491485397,10.255595991634912
-0.12823562180614267,10.306611243320312
-0.12341999924169222,10.357522872564413
-0.11838741228410932,10.408328632476664
-0.11313327599599177,10.459026276166497
-0.10765300543994982,10.509613556743357
-0.10194201567858574,10.56008822731668
-0.0959957217745,10.610448040995898
-0.08980953879030373,10.66069075089046
-0.08337888178859565,10.710814110109798
-0.07669916583197711,10.760815871763352
-0.06976580598306015,10.81069378896057
-0.06257421730444257,10.860445614810871
-0.05511981485873285,10.910069102423716
-0.04739801370853236,10.959562004908523
-0.039404228916446016,11.008922075374745
-0.031133875545078737,11.058147066931813
-0.022582368657031893,11.107234732689175
-0.013745123314912178,11.156182825756261
-0.004617554581322736,11.20498909924251
0.004804922481131513,11.253651306257368
0.014526892809847425,11.302167199910262
0.024552941342223633,11.350534533310643
0.034888005665090205,11.398751047671496
0.045545143333569627,11.446814210282948
0.0565455368915444,11.494721214342874
0.06791072253643016,11.542469241118848
0.0796622364656514,11.590055471878422
0.09182161487661844,11.637477087889167
0.10441039396675578,11.684731270418645
0.11745010993347904,11.731815200734431
0.13096229897420564,11.778726060104077
0.14496849728635652,11.82546102979515
0.1594902410673491,11.872017291075217
0.17454906651460256,11.918392025211844
0.1901665098255343,11.964582413472588
0.20636410719756348,12.010585637125022
0.22316339482810754,12.056398877436706
0.24058590891458742,12.102019315675207
0.258653185654417,12.147444133108088
0.2773867612450154,12.192670511002916
0.29680817188380715,12.23769563062725
0.3169389537682026,12.282516673248665
0.3378006430956262,12.327130820134709
0.3594147760634936,12.371535252552956
0.381802888869224,12.41572715177098
0.4049865177102365,12.459703699056323
0.4289871987839504,12.503462075676573
0.45382646828777595,12.546999462899283
0.47952586241914297,12.590313041992015
0.506106912112168,12.633399994927501
0.5335801246720422,12.676258980596813
0.561921750333882,12.718893247567966
0.5911014042893701,12.761306933355538
0.6210887017301623,12.803504175474146
0.6518532578479377,12.845489111438376
0.6833646878343576,12.887265878762832
0.7155926068810938,12.928838614962107
0.7485066301798184,12.970211457550803
0.7820763729221998,13.011388544043516
0.8162714502999027,13.05237401195485
0.8510614775046026,13.093171998799402
0.8864160697279644,13.13378664209176
0.92230484216166,13.174222079346528
0.958697409997356,13.214482448078307
0.9955633884267225,13.254571885801695
1.032872392641428,13.294494530031287
1.0705940378331427,13.334254518281682
1.10869793919354,13.37385598806748
1.1471537119142816,13.413303076903276
1.1859309711870392,13.45259992230367
1.2249993322034847,13.49175066178326
1.264328410155283,13.530759432856645
1.3038878202341078,13.569630373038422
1.3436471776316221,13.608367619843193
1.3835760975395033,13.646975310785546
1.423644195149416,13.685457583380092
1.463821085653029,13.723818575141422
1.5040763842420137,13.76206242358413
1.5443797061080335,13.80019326622282
1.5847006664427674,13.838215240572094
1.625008880437873,13.876132484146545
1.6652739632850295,13.913949134460765
1.7054655301759034,13.951669329029368
1.7455577545275922,13.98929359024288
1.785555947934359,14.026797744834454
1.8254784393306807,14.064147295497666
1.8653436014187115,14.10130771021398
1.905169806900604,14.138244456964856
1.9449754284785037,14.174923003731763
1.9847788388545773,14.211308818496168
2.024598410730965,14.24736736923953
2.064452516809826,14.28306412394332
2.10435952979331,14.318364550588996
2.144337822383571,14.353234117158024
2.1844057672827635,14.387638291631873
2.224581737193038,14.421542541992004
2.2648841048165522,14.454912336219884
2.30533124285545,14.487713142296982
2.345941524011895,14.519910428204753
2.3867333209880304,14.55146966192467
2.4277250064860105,14.582356311438193
2.468934953207995,14.612535844726793
2.5103815338561297,14.641973729771927
2.552083121132572,14.670635434555066
2.594058087739473,14.698486427057674
2.636324806378985,14.72549217526121
2.678901649753259,14.751618147147141
2.7218069905644544,14.776829810696938
2.7650592015147115,14.801092633892065
2.8086766553062024,14.824372084713978
2.85267772464106,14.846633631144151
2.897080782221453,14.867842741164043
2.941904200749523,14.887964882755124
2.987166352927428,14.906965523898855
3.032885611457319,14.924810132576702
3.0790803490413516,14.941464176770129
3.125763259163973,14.956905621652595
3.1729209807866194,14.971169765712403
3.220532685760256,14.984308338911006
3.2685775453147254,14.996373072576624
3.317034730679868,15.00741569803749
3.365883413085543,15.01748794662183
3.4151027637615847,15.026641549657878
3.4646719539378434,15.034928238473853
3.5145701548441632,15.042399744397986
3.5647765377103973,15.049107798758506
3.6152702737663898,15.055104132883638
3.666030534241985,15.060440478101611
3.717036490367022,15.065168565740656
3.768267313371357,15.069340127128992
3.819702174484833,15.073006893594851
3.8713202449372943,15.076220596466463
3.9231006959585955,15.079032967072049
3.9750226987785737,15.081495736739843
4.027065424627072,15.083660636798072
4.079208044733946,15.08557939857496
4.131429730329037,15.087303753398736
4.183709652642197,15.088885432597628
4.236027165990347,15.090375714045091
4.288369828607209,15.091805556839734
4.340736530817532,15.093177853705054
4.3931269922045235,15.094493443526531
4.445540932351403,15.095753165189649
4.497978070841381,15.096957857579895
4.550438127257667,15.098108359582753
4.602920821183481,15.099205510083706
4.65542587220204,15.10025014796824
4.70795299989655,15.101243112121836
4.76050192385023,15.102185241429979
4.813072363646292,15.103077374778152
4.865664038867941,15.103920351051844
4.918276669098406,15.10471500913653
4.970909973920898,15.105462187917706
5.02356367291862,15.106162726280846
5.076237485674792,15.10681746311144
5.128931131772635,15.10742723729497
5.181644330795352,15.107992887716918
5.23437680232616,15.10851525326277
5.287128265948271,15.108995172818013
5.339898441244914,15.109433485268127
5.392687047799278,15.109831029498597
5.445493805194589,15.11018864439491
5.498318433014065,15.110507168842545
5.551160650840917,15.110787441726995
5.604020178258354,15.11103030193373
5.656896734849594,15.111236588348245
5.709790040197852,15.11140713985602
5.762699813886339,15.11154279534254
5.8156257754982725,15.111644393693286
5.868567644616856,15.111712773793752
5.92152514082532,15.11174877452941
5.974497983706867,15.111753234785752
6.027485892844705,15.111726993448258
6.0804885878220585,15.111670889402415
6.133505788222145,15.111585761533703
6.186537213628167,15.11147244872761
6.239582583623342,15.11133178986962
6.292641617790888,15.111164623845212
6.345714035714009,15.110971789539882
6.398799556975934,15.110754125839097
6.451897901159866,15.110512471628354
6.505008787849018,15.110247665793132
6.558131936626605,15.109960547218918
6.611267067075845,15.109651954791193
6.6644138987799515,15.10932272739544
6.717572151322134,15.108973703917147
6.770741544285611,15.108605723241798
6.823921797253593,15.108219624254879
6.877112629809286,15.107816245841867
6.9303137615359205,15.107396426888247
6.983524912016703,15.106961006279509
7.036745800834838,15.10651082290114
7.089976147573562,15.106046715638609
7.143215671816067,15.105569523377408
7.196464093145572,15.105080085003028
7.249721131145295,15.104579239400948
7.302986505398447,15.104067825456646
7.356259935488243,15.103546682055615
7.409541140997895,15.103016648083337
7.462829841510619,15.10247856242529
7.5161257566096324,15.101933263966963
7.569428605878134,15.101381591593842
7.622738108899359,15.100824384191412
7.6760539852565035,15.10026248064515
7.729375954532792,15.099696719840544
7.782703736311431,15.099127940663077
7.836037050175641,15.09855698199824
7.889375615708634,15.097984682731504
7.94271915249362,15.097411881748364
7.996067380113814,15.096839417934302
8.049420018152432,15.096268130174796
8.102776786192688,15.095698857355337
8.156137403817787,15.09513243836141
8.209501590610959,15.094569712078492
8.262869066155407,15.094011517392072
8.316239550034346,15.093458693187628
8.369612761830993,15.092912078350654
8.422988421128554,15.09237251176663
8.47636624751025,15.09184083232104
8.529745960559296,15.091317878899364
8.5831272798589,15.09080449038709
8.636509924992282,15.0903015056697
8.689893615542651,15.089809763632683
8.743278071093219,15.089330103161515
8.796663011227206,15.088863363141687
8.850048155527823,15.088410382458683
8.903433223578283,15.087971999997983
8.956817934961798,15.087549054645073
9.01020200926159,15.087142385285436
9.063585166060857,15.08675283080456
9.116967125109682,15.086381228704578
9.170347649549143,15.086028056729532
9.223726603601907,15.085692954549245
9.27710386585494,15.085375442738119
9.330479314895179,15.085075041870578
9.383852829309593,15.084791272521041
9.437224287685133,15.08452365526393
9.490593568608762,15.084271710673658
9.543960550667432,15.08403495932465
9.597325112448097,15.083812921791324
9.650687132537719,15.083605118648094
9.70404648952325,15.083411070469388
9.757403061991653,15.083230297829616
9.81075672852987,15.083062321303203
9.86410736772487,15.082906661464563
9.917454858163605,15.082762838888115
9.97079907843304,15.082630374148291
10.024139907120116,15.082508787819492
10.077477222811797,15.082397600476149
10.130810904095043,15.082296332692675
10.1841408295568,15.082204505043492
10.23746687778404,15.082121638103018
10.290788927363707,15.082047252445673
10.34410685688276,15.081980868645871
10.39742054492816,15.081922007278038
10.450729870086853,15.081870188916596
10.504034710945803,15.081824934135952
10.55733494609197,15.081785763510535
10.610630454112304,15.081752197614758
10.663921113593759,15.081723757023042
10.7172068031233,15.08169996230981
10.77048740128788,15.081680334049473
10.82376278667445,15.081664392816457
10.877032837869976,15.081651659185177
10.930297433461401,15.08164165373006
10.983556452035696,15.081633897025512
11.036809772179808,15.08162790964596
11.090057272480696,15.081623212165823
11.143298831525318,15.081619325159522
11.196534327900629,15.081615769201463
11.249763640193578,15.081612064866086
11.302986646991133,15.081607732727797
11.356203226880254,15.081602293361016
11.409413258447877,15.081595267340163
11.46261662028098,15.08158617523965
11.515813190966504,15.081574537633912
11.569002849091415,15.081559875097355
11.622185473242666,15.081541708204405
11.675360942007206,15.081519557529479
11.72852913397201,15.081492943646992
11.781689927724017,15.08146138713137
11.834843201850187,15.081424408557027
11.887988834937477,15.081381528498383
11.941126705572849,15.08133226752986
11.99425669234326,15.081276146225871
12.047378673835652,15.081212685160839
12.100492528636995,15.081141404909186
12.153598135334242,15.081061826045328
12.20669537251435,15.080973469143679
12.25978411876427,15.080875854778668
12.31286425267097,15.080768503524705
12.365935652821396,15.080650935956214
12.418998197802498,15.080522672647614
12.47205176620125,15.080383234173325
12.5250962366046,15.080232141107757
12.57813148759951,15.08006891402534
12.63115739777292,15.079893073500493
12.6841738457118,15.079704140107626
12.73718071000311,15.079501634421163
12.79017786923379,15.079285077015527
12.843165201990818,15.07905398846513
12.896142586861124,15.078807889344397
12.94910990243169,15.078546300227746
13.002067027289456,15.078268741689591
13.055013840021388,15.077974734304355
13.107950219214437,15.077663798646455
13.16087604345556,15.077335455290317
13.213791191331712,15.076989224810351
13.266695541429847,15.07662462778098
13.319588972336938,15.07624118477662
13.372471362639917,15.075838416371695
13.425342590925755,15.075415843140625
13.478202535781413,15.074972985657823
13.531051075793833,15.074509364497711
13.583888089549987,15.074024500234707
13.636713455636812,15.07351791344323
13.689527052641278,15.072989124697703
13.74232875915034,15.07243765457254
13.795118453750952,15.071863023642166
13.847896015030074,15.071264752480989
13.90066132157466,15.070642361663442
13.953414251971658,15.069995371763934
14.006154684808035,15.069323303356889
14.058882498670751,15.068625677016723
14.111597572146753,15.067902013317859
14.164299783823004,15.067151832834707
14.21698901228645,15.066374656141697
14.269665136124054,15.065570003813246
14.322328033922787,15.064737396423766
14.374977584269573,15.06387635454768
14.427613665751394,15.062986398759406
14.480236156955197,15.06206704963337
14.532844936467942,15.061117827743985
14.585439882876578,15.06013825366567
14.638020874768074,15.059127847972846
14.690587790729374,15.058086131239932
14.743140509347445,15.057012624041338
14.795678909209233,15.055906846951501
14.848202868901701,15.054768320544824
14.900712267011805,15.053596565395736
14.953206982126495,15.052391102078648
15.005686892832742,15.051151451167982
15.058151877717489,15.049877133238162
15.11060181536769,15.048567668863601
15.163036584370314,15.047222578618722
15.215456063312306,15.045841383077942
15.26786013078063,15.04442360281568
15.320248665362236,15.042968758406356
15.372621545644094,15.041476370424387
15.424978650213141,15.039945959444196
15.477319857656344,15.038377046040193
15.529645046560667,15.03676915078681
15.581954095513044,15.035121794258458
15.634246883100449,15.03343449702956
15.686523287909836,15.031706779674526
15.73878318852816,15.029938162767785
15.79102646354238,15.028128166883754
15.84325299153944,15.026276312596853
15.895462651106314,15.024382120481494
15.947655320829945,15.022445111112106
15.999830879297296,15.0204648050631
16.051989205095325,15.018440722908892
16.104130176810976,15.016372385223917
16.15625367303123,15.014259312582581
16.208359572343014,15.012101025559303
16.260447753333303,15.009897044728511
16.312518094589056,15.007646890664613
16.364570474697206,15.005350083942034
16.416604772244742,15.003006145135188
16.46862086581859,15.000614594818511
16.52061863400572,14.998174953566398
16.572597955393107,14.995686741953282
16.624558708567672,14.993149480553583
16.676500772116395,14.990562689941711
16.72842402462623,14.987925890692097
16.78032834468411,14.985238603379148
16.832213610877027,14.98250034857729
16.88407970179191,14.979710646860944
16.935926496015735,14.976869018804521
16.987753872135453,14.973974984982448
17.03956170873801,14.97102806596914
17.091349884410366,14.968027782339021
17.143118277739482,14.964973654666498
17.19486676731232,14.961865203526003
17.24659523171582,14.95870194949195
17.298303549536953,14.955483413138754
17.34999159936268,14.95220911504084
17.401659259779922,14.948878575772628
17.45330640937568,14.94549131590853
17.50493292673689,14.942046856022973
17.55653869045051,14.93854471669037
17.60812357910348,14.934984418485143
17.659687471282783,14.931365481981715
17.71123024557537,14.927687427754492
17.762751780568184,14.923949776377906
17.814251954848203,14.92015204842637
17.865730647002355,14.916293764474304
17.91718773561762,14.912374445096127
17.968623099280933,14.90839361086626
18.020036616579272,14.90435078235912
18.071428166099587,14.900245480149128
18.12279762642883,14.8960772248107
18.17414487615395,14.891845536918261
18.22546979386192,14.887549937046224
18.27677225813969,14.883189945769004
18.3280521475742,14.878765083661037
18.379309340752446,14.87427487129672
18.430543716261344,14.869718829250488
18.481755152687878,14.865096478096753
18.53294352861899,14.860407338409935
18.584108722641627,14.855650930764458
18.63525061334276,14.850826775734735
18.686369079309344,14.845934393895192
18.73746399912834,14.840973305820238
18.78853525138669,14.835943032084298
18.839582714671366,14.830843093261791
18.890606267569318,14.825673009927133
18.941605794879642,14.820432319579218
18.992581657655478,14.815121857228426
19.043535021766207,14.809744650535475
19.09446713073108,14.804303938710955
19.145379228069277,14.798802960965457
19.196272557300027,14.793244956509572
19.247148361942504,14.787633164553906
19.298007885515947,14.781970824309042
19.34885237153954,14.776261174985578
19.39968306353249,14.770507455794114
19.450501205014035,14.764712905945231
19.50130803950334,14.758880764649529
19.55210481051964,14.7530142711176
19.60289276158213,14.74711666456004
19.653673136210017,14.741191184187443
19.704447177922514,14.735241069210403
19.755216130238818,14.729269558839508
19.80598123667815,14.723279892285358
19.856743740759697,14.717275308758545
19.90750488600268,14.71125904746966
19.958265915926308,14.7052343476293
20.009028074049773,14.699204448448057
20.059792603892298,14.69317258913653
20.110560748973075,14.687142008905301
20.161333752811327,14.681115946964972
20.212112858926247,14.67509764252614
20.262899310837046,14.669090334799392
20.313694352062928,14.663097262995322
20.364499226123097,14.657121666324528
20.41531517653678,14.651166783997603
20.466143446823157,14.645235855225138
20.516985280501455,14.639332119217727
20.56784192109086,14.63345881518596
20.61871461211061,14.627619182340439
20.66960459707987,14.621816459891761
20.720513119517886,14.616053887050501
20.771441422943848,14.610334703027267
20.822390750876952,14.604662147032656
20.873362346836426,14.59903945827725
20.924357454341457,14.59346987597165
20.975377316911267,14.58795663932645
21.026423178065045,14.582502987552239
21.07749628132202,14.577112159859613
21.12859787020139,14.571787395459168
21.179729188222357,14.566531933561496
21.23089147890413,14.561349013377189
21.2820859857659,14.556241874116846
21.33331395232692,14.551213754991053
21.38457662210634,14.546267895210413
21.435875238623396,14.541407533985513
21.487211045397306,14.536635910526943
21.53858528594725,14.53195626404531
21.58999920379245,14.52737183375119
21.6414540424521,14.522885858855194
21.692951045445444,14.518501578567903
21.744491456291637,14.514222232099922
21.79607651850992,14.51005105866183
21.847707475619476,14.505991297464234
21.899385571139533,14.502046187717728
21.951112048589295,14.49821896863289
22.00288815148795,14.494512879420334
22.05471512335473,14.49093115929064
22.10659420770882,14.487477047454405
22.158526648069447,14.484153783122224
22.2105136879558,14.480964605504692
22.262556570887096,14.477912753812397
22.314656540382536,14.475001467255936
22.36681483996133,14.472233985045907
22.419032713142684,14.4696135463929
22.4713114034458,14.467143390507509
22.523652154389897,14.464826756600324
22.576056209494173,14.462666883881944
22.628524812277828,14.460667011562961
22.681059206260077,14.458830378853968
22.73366063496013,14.457160224965559
22.786330341897187,14.455659789108328
22.839069570590457,14.454332310492873
22.89187956455915,14.453181028329777
22.944761567322473,14.452209181829645
22.997716822399614,14.451420010203066
23.050746573309812,14.450816752660625
23.10385206357224,14.450402648412933
23.15703453670614,14.45018093667057
23.210295236230678,14.450154856644136
23.2636354056651,14.450327647544228
23.31705628852859,14.450702548581432
23.37055912834035,14.451282798966343
23.42414516861962,14.452071637909555
23.47781565288556,14.453072304621667
23.53157182465741,14.454288038313265
23.58541492745436,14.455722078194952
23.63934620479564,14.45737766347731
23.69336690020042,14.459258033370944
23.74747825718794,14.461366427086443
23.801681519277395,14.463706083834396
23.855977929987976,14.466280242825405
23.91036873250957,14.469092142535757
23.964852291652587,14.472138603800474
24.019417088447877,14.475394410557584
24.07404948412707,14.47882962043597
24.12873583992179,14.482414291064497
24.18346251706365,14.486118480072058
24.238215876784256,14.48991224508752
24.292982280315247,14.493765643739767
24.347748088888235,14.497648733657677
24.402499663734826,14.501531572470128
24.457223366086655,14.505384217805993
24.511905557175336,14.50917672729415
24.566532598232488,14.512879158563493
24.62109085048972,14.516461569242878
24.67556667517866,14.519894016961192
24.729946433530923,14.523146559347321
24.78421648677813,14.526189254030129
24.8383631961519,14.528992158638506
24.892372922883848,14.531525330801323
24.946232028205596,14.533758828147459
24.999926873348752,14.535662708305793
25.053443819544956,14.537207028905208
25.1067692280258,14.53836184757457
25.159889460022935,14.539097221942768
25.212790876767937,14.539383209638675
25.265459839492475,14.539189868291174
25.317882709428115,14.538487255529134
25.37004584780652,14.53724542898144
25.421935615859272,14.535434446276973
25.473538374818016,14.5330243650446
25.52484048591437,14.52998524291321
25.57582831037993,14.526287137511673
25.626488209446332,14.521900106468877
25.676806544345194,14.516794207413685
25.726769676308134,14.510939497974988
25.776363966566766,14.50430603578166
25.825575776352704,14.496863878462577
25.87439146689758,14.48858308364662
25.922797399433005,14.47943370896267
25.97077993519061,14.46938581203959
26.018325435401973,14.45840945050628
26.065420261298765,14.446474681991603
26.11205077411258,14.43355156412444
26.15820333507501,14.419610154533672
26.203864305417735,14.404620510848176
26.24902004637232,14.388552690696827
26.293656919170406,14.371376751708507
26.33776729583263,14.353072070551324
26.381371072171486,14.333660696376938
26.424496017501436,14.3131768852991
26.46716990176642,14.291654894407518
26.509420494910405,14.26912898079189
26.55127556687732,14.24563340154193
26.592762887611126,14.221202413747328
26.63391022705576,14.195870274497796
26.6747453551552,14.16967124088303
26.71529604185336,14.142639569992735
26.7555900570942,14.114809518916616
26.795655170821686,14.086215344744367
26.835519152979767,14.056891304565703
26.87520977351237,14.026871655470316
26.91475480236345,13.996190654547917
26.95418200947697,13.964882558888206
26.99351916479687,13.93298162558088
27.032794038267095,13.900522111715645
27.072034399831626,13.867538274382198
27.111268019434352,13.834064370670262
27.150522667019278,13.800134657669517
27.189826112530323,13.765783392469675
27.22920612591145,13.731044832160439
27.26869047710662,13.695953233831506
27.30830693605974,13.66054285457259
27.3480832727148,13.624847951473381
27.388047257015725,13.588902781623588
27.428226658906485,13.55274160211291
27.468649248331015,13.516398670031059
27.50934279523327,13.479908242467722
27.550335069557196,13.443304576512613
27.59165384124675,13.406621929255433
27.63332566611444,13.369893821247743
27.67534549264519,13.333134598838342
27.71767446991417,13.296338104373163
27.760272093830675,13.259497177325052
27.803097860303975,13.222604657166855
27.846111265243383,13.185653383371434
27.88927180455816,13.148636195411626
27.932538974157627,13.111545932760293
27.97587226995103,13.074375434890275
28.019231187847677,13.03711754127443
28.06257522375685,12.999765091385605
28.10586387358786,12.962310924696652
28.149056633249952,12.924747880680414
28.192112998652444,12.887068798809754
28.234992465704618,12.84926651855751
28.27765453031574,12.811333879396543
28.320058688395125,12.773263720799694
28.362164435852034,12.735048882239823
28.40393126859578,12.696682203189766
28.445318682535646,12.65815652312239
28.486286173580904,12.619464681510525
28.526793237640835,12.580599517827043
28.566799370624747,12.541553871544785
28.60626406844192,12.502320582136598
28.645146827001643,12.462892489075333
28.683407142213188,12.423262431833848
28.721004509985857,12.383423249884984
28.75789842622895,12.343367782701584
28.794048386851717,12.303088869756525
28.82941388776347,12.262579350522635
28.863954424873494,12.221832064472764
28.897629494091067,12.180839851079782
28.930400003855933,12.13959580807915
28.96225342915665,12.098097890550608
28.993200886747868,12.05634837616012
29.023254318462374,12.014349693428315
29.052425666132937,11.972104270875821
29.0807268715923,11.929614537023284
29.108169876673298,11.886882920391315
29.13476662320865,11.84391184950056
29.16052905303115,11.800703752871655
29.185469107973542,11.75726105902524
29.20959872986864,11.713586196481916
29.232929860549195,11.669681593762348
29.255474441847976,11.625549679387152
29.277244415597753,11.581192881876973
29.2982517236313,11.536613629752445
29.318508307781403,11.491814351534185
29.338026109880825,11.446797475742834
29.35681707176231,11.401565430899026
29.374893135258684,11.356120645523394
29.39226624220267,11.31046554813658
29.408948334427084,11.264602567259196
29.42495135376465,11.218534131411896
29.440287242048168,11.172262669115298
29.454967941110407,11.125790608890053
29.469005392784144,11.079120379256771
29.482411538902138,11.032254408736097
29.49519832129717,10.985195125848666
29.50737768180201,10.937944959115104
29.51896156224942,10.89050633705606
29.529961904472177,10.842881688192147
29.54039065030307,10.795073441044007
29.55025974157486,10.74708402413227
29.55958112012031,10.698915865977572
29.568366727772197,10.650571395100553
29.576628506363296,10.60205304002183
29.58437839772638,10.553363229262047
29.591628343694207,10.504504391341833
29.598390286099555,10.455478954781835
29.604676166775217,10.406289348102657
29.610497927553933,10.356937999824957
29.61586751026851,10.307427338469349
29.620796856751685,10.257759792556485
29.62529790883625,10.207937790607001
29.629382608354963,10.157963761141502
29.633062897140615,10.10784013268064
29.63635071702596,10.057569333745047
29.639258009843783,10.007153792855362
29.641796717426846,9.956595938532203
29.643978781607924,9.90589819929621
29.645816144219797,9.855063003668015
29.64732074709522,9.804092780168258
29.648504532066976,9.75298995731757
29.649379440967838,9.701756963636576
29.649957415630578,9.65039622764591
29.650250397887948,9.598910177866216
29.650270329572752,9.547301242818111
29.650029152517742,9.495571851022252
29.6495388085557,9.443724430999247
29.648811239519386,9.391761411269737
29.64785838724158,9.339685220354355
29.64669219355505,9.28749828677375
29.64532460029257,9.235203039048528
29.643767549286917,9.182801905699336
29.64203298237086,9.130297315246807
29.640132841377156,9.07769169621157
29.638079068138598,9.024987477114276
29.635883604487947,8.972187086475529
29.633558392257978,8.919292952815976
29.631115373281457,8.866307504656252
29.628566489391172,8.813233170516988
29.625923682419877,8.76007237891882
29.623198894200346,8.706827558382379
29.620404066565353,8.65350113742829
29.617551141347686,8.600095544577197
29.61465206038009,8.546613208349736
29.61171876549535,8.493056557266527
29.60876319852625,8.439428019848204
29.60579730130554,8.385730024615409
29.602833015666004,8.331965000088772
29.599882283440397,8.278135374788935
29.596957046461522,8.22424357723651
29.594069246562125,8.170292035952144
29.591230825574993,8.11628317945646
29.588453725332894,8.062219436270105
29.585749887668594,8.008103234913715
29.58313125441487,7.953937003907896
29.580609767404493,7.8997231717733065
29.578197368470224,7.845464167030569
29.575905999444846,7.791162418200329
29.573747602161145,7.7368203538032
29.57173411845186,7.682440402359823
29.56987749014979,7.628024992390834
29.568189659087682,7.573576552416865
29.56668256709835,7.519097510958554
29.565368156014525,7.464590296536521
29.564258367668995,7.410057337671407
29.563365143894526,7.355501062883844
29.562700426523886,7.300923900694478
29.56227615738987,7.246328279623917
29.56210425848406,7.1917166278604725
29.562190917503006,7.137091277543632
29.56252868116172,7.082454332327991
29.563108111624107,7.027807862627132
29.563919771054078,6.973153938854615
29.564954221615547,6.918494631424023
29.566202025472403,6.8638320107489434
29.567653744788576,6.809168147242943
29.56929994172796,6.754505111319615
29.57113117845446,6.699844973392519
29.573138017132006,6.64518980387523
29.575311019924488,6.590541673181342
29.577640748995822,6.535902651724431
29.58011776650991,6.481274809918062
29.582732634630663,6.426660218175819
29.585475915522,6.372060946911276
29.588338171347818,6.31747906653802
29.591309964272025,6.2629166474696305
29.594381856458522,6.208375760119672
29.597544410071233,6.153858474901723
29.600788187274066,6.099366862229363
29.604103750230923,6.044902992516175
29.607481661105705,5.990468936175743
29.610912482062336,5.936066763621625
29.61438677526471,5.881698545267412
29.617895102876748,5.827366351526678
29.62142802706236,5.773072252813009
29.62497610998543,5.71881831953997
29.628529913809903,5.664606622121131
29.632080000699656,5.610439230970091
29.635616932818603,5.556318216500419
29.63913127233067,5.5022456491256975
29.642613581399754,5.448223599259487
29.64605442218976,5.394254137315379
29.64944435686459,5.3403393337069485
29.652773947588177,5.286481258847775
29.656033756524405,5.232681983151441
29.659214345837203,5.178943577031507
29.66230627769045,5.125268110901565
29.665300114248087,5.071657655175182
29.668186417674004,5.018114280265955
29.67095575013212,4.9646400565874345
29.673598673786326,4.911237054553219
29.67610575080054,4.857907344576873
29.678467543338673,4.804652997071987
29.680674613564637,4.7514760824521325
29.682717523642335,4.698378671130877
29.684586835735676,4.64536283352181
29.686273112008568,4.592430640038504
29.68776691462492,4.539584161094551
29.689058805748626,4.4868254671035075
29.690139347543624,4.434156628478954
29.6909991021738,4.381579715634482
29.691628631803066,4.329096798983656
29.692018498595342,4.276709948940066
29.69215926471453,4.224421235917275
29.69204149232453,4.1722327303288615
29.691655743589248,4.120146502588424
29.69099258067261,4.068164623109514
29.690042565738512,4.016289162305732
29.68879626095087,3.9645221905906283
29.687244228473585,3.9128657783778014
29.68537703047056,3.8613219960808305
29.68318522910572,3.8098929141132842
29.680659386542967,3.75858060288874
29.677790064946205,3.70738713282077
29.674567826479336,3.6563145743229626
29.670983233306284,3.605364997808895
29.66702684759095,3.5545404736921498
29.66268923149725,3.5038430723862817
29.65796094718908,3.4532748643048823
29.652832556830344,3.402837919861538
29.64729462258497,3.352534309469812
29.641337706616856,3.3023661035432994
29.63495237108992,3.252335372495555
29.62812917816805,3.2024441867401663
29.620858690015158,3.1526946166907166
29.613131468795157,3.1030887327607903
29.604938076671974,3.0536286053639383
29.596269075809484,3.0043163049137647
29.58711502837163,2.95515390182382
29.5774664965223,2.9061434665077037
29.567314042425405,2.8572870693789962
29.55664822824485,2.8085867808512575
29.54545961614455,2.7600446713380773
29.533738768288412,2.7116628112530243
29.521476246840347,2.6634432710096902
29.508662613964244,2.6153881210216365
29.49528843182404,2.5674994317024513
29.48134426258363,2.519779273465705
29.466820668406907,2.4722297167249767
29.45170821145781,2.424852831893862
29.43599745390024,2.3776506893859057
29.419678958104807,2.330625359596647
29.402745967809548,2.2837786786325722
29.38520111595815,2.2371116622024587
29.367049089451545,2.1906251465470756
29.348294575190668,2.144319967907183
29.328942260076456,2.0981969625235593
29.30899683100981,2.0522569666369925
29.288462974891697,2.006500816488236
29.267345378623023,1.960929348318075
29.245648729104726,1.9155433983672658
29.223377713237735,1.8703438028765937
29.20053701792298,1.8253313980868349
29.177131330061375,1.7805070202387618
29.153165336553872,1.735871505573142
29.128643724301394,1.6914256903307443
29.103571180204877,1.647170410752338
29.077952391165223,1.6031065030787133
29.051792044083395,1.5592348035506411
29.025094825860304,1.5155561484088746
28.997865423396885,1.4720713738942042
28.970108523594053,1.4287813162473988
28.941828813352775,1.3856868117092294
28.913030979573943,1.3427886965204667
28.883719709158516,1.3000878069218835
28.85389968900738,1.257584979154263
28.823575606021517,1.2152810494583584
28.792752147101826,1.1731768540749705
28.76143399914925,1.1312732292448402
28.7296258490647,1.0895710112087613
28.697332383749117,1.0480710362074976
28.664558290103432,1.0067741404818324
28.63130825502859,0.9656811602725295
28.597586965425503,0.9247929318203614
28.56339919428193,0.8841134249367517
28.5287501106358,0.8436610256989336
28.493644997346866,0.8034582633137433
28.45808913728496,0.7635276673531628
28.42208781331988,0.7238917673892455
28.38564630832148,0.6845730929939862
28.348769905159568,0.6455941737394024
28.31146388670393,0.6069775391975298
28.273733535824416,0.5687457189403666
28.235584135390855,0.5309212425399323
28.197020968273034,0.49352663956825005
28.15804931734078,0.4565844395973535
28.118674465463936,0.42011717219922673
28.07890169551231,0.3841473669458999
28.038736290355697,0.3486975534093979
27.998183532863944,0.3137902611617278
27.95724870590686,0.2794480197749216
27.915937092354252,0.24569335882098464
27.874253975075955,0.2125488078719311
27.832204636941793,0.1800368964997805
27.789794360821563,0.1481801542765595
27.74702842958511,0.11700111077428055
27.703912126102235,0.08652229556495605
27.66045073324275,0.05676623822059845
27.616649533876508,0.02775546831324327
27.572513810873286,-0.000487484585095288
27.528048847102934,-0.02794009090242433
27.483259925435245,-0.05457982106670123
27.43815232874005,-0.0803841455059171
27.39273133988718,-0.10533053464805775
27.347002241746456,-0.12939645892110097
27.30097031718766,-0.15255938875302455
27.25464084908064,-0.17479679457182407
27.208019178968403,-0.19608852924182774
27.16111126828125,-0.2164396162764488
27.113923450700117,-0.23587019449981028
27.066462064977305,-0.2544006086608501
27.018733449865127,-0.2720512035084903
26.970743944115913,-0.28884232379165553
26.922499886481983,-0.30479431425928283
26.874007615715616,-0.3199275196602933
26.825273470569147,-0.33426228474360453
26.7763037897949,-0.34781895425816156
26.727104912145176,-0.36061787295288283
26.6776831763723,-0.3726793855766912
26.62804492122856,-0.38402383687852293
26.578196485466304,-0.3946715716073044
26.528144207837816,-0.40464293451195754
26.477894427095432,-0.4139582703414071
26.42745348199146,-0.42263792384459276
26.3768277112782,-0.43070223977043387
26.326023453707986,-0.4381715628678533
26.27504704803312,-0.4450662378857908
26.223904833005943,-0.45140660957316037
26.172603147378705,-0.45721302267889374
26.121148329903786,-0.4625058219519218
26.069546719333463,-0.4673053521411701
26.017804654420072,-0.4716319579955721
25.965928473915913,-0.4755059842640401
25.913924516573314,-0.4789477756955103
25.86179912114456,-0.4819776770389126
25.80955862638199,-0.4846160330431726
25.75720937103792,-0.48688318845720957
25.704757693864646,-0.4887994880299624
25.65220993361449,-0.49038527651035224
25.59957242903977,-0.4916608986473108
25.54685151889279,-0.49264669918976267
25.494053541925897,-0.49336302288662903
25.441184836891363,-0.4938302144868487
25.38825174254151,-0.49406861873933927
25.33526059762868,-0.4940985803930289
25.282217740905143,-0.4939404441968547
25.229129511123272,-0.49361455489973594
25.17600224703531,-0.49314125725060176
25.12284228739362,-0.4925408959983706
25.06965597095051,-0.4918338158919848
25.01644963645828,-0.4910403616803647
24.963229622669264,-0.4901808781124366
24.910002268335756,-0.4892757099371323
24.856773912210077,-0.4883452019033738
24.803550892981537,-0.48740969856121374
24.750338333443114,-0.4864857060928891
24.69713702536129,-0.48557605840294116
24.643946796589287,-0.48468054649368053
24.590767474980364,-0.4837989613674347
24.537598888387688,-0.48293109402648327
24.48444086466451,-0.48207673547313945
24.431293231664025,-0.4812356767097121
24.37815581723947,-0.480407708738511
24.325028449244048,-0.47959262256184143
24.27191095553098,-0.47879020918199977
24.2188031639535,-0.4780002596013073
24.165704902364798,-0.47722256482206227
24.112615998618114,-0.47645691584656547
24.05953628056665,-0.4757031036771391
24.006465576063672,-0.4749609193160804
23.95340371296233,-0.47423015376569655
23.90035051911588,-0.4735105980282919
23.847305822377525,-0.47280204310617613
23.7942694506005,-0.47210428000165017
23.741241231638014,-0.47141709971703527
23.688220993343286,-0.4707402932546243
23.635208563569527,-0.47007365161672077
23.582203770169958,-0.46941696580564063
23.529206440997825,-0.46877002682369895
23.476216403906296,-0.4681326256731744
23.423233486748618,-0.4675045533564024
23.37025751737802,-0.4668856008756732
23.3172883236477,-0.46627555923329567
23.26432573341089,-0.4656742194315733
23.21136957452079,-0.4650813724728238
23.15841967483063,-0.46449680935934623
23.10547586219363,-0.4639203210934477
23.05253796446301,-0.4633516986774424
22.99960580949198,-0.4627907331136214
22.946679225133753,-0.46223721540429175
22.893758039241572,-0.4616909365517783
22.840842079668622,-0.46115168755837566
22.787931174268156,-0.46061925942638826
22.735025150893364,-0.46009344315812317
22.682123837397477,-0.45957402975589545
22.629227061633706,-0.4590608102220042
22.576334651455277,-0.45855357555875553
22.523446434715424,-0.4580521167684646
22.47056223926732,-0.45755622485342506
22.417681892964218,-0.4570656908159485
22.364805223659328,-0.45658030565834284
22.311932059205876,-0.4560998603829205
22.259062227457054,-0.4556241459919699
22.206195556266113,-0.45515295348781937
22.153331873486245,-0.45468607387276094
22.10047100697069,-0.45422329814911055
22.047612784572657,-0.4537644173191602
21.994757034145355,-0.4533092223852373
21.94190358354201,-0.45285750434963123
21.889052260615834,-0.4524090542146517
21.836202893220065,-0.45196366298261204
21.783355309207916,-0.45152112165581837
21.730509336432572,-0.45108122123656
21.67766480274729,-0.45064375272717694
21.62482153600526,-0.45020850712993976
21.57197936405974,-0.44977527544717155
21.519138114763905,-0.4493438486811865
21.466297615970984,-0.44891401783427476
21.41345769553421,-0.448485573908755
21.36061818130679,-0.44805830790693335
21.307778901141955,-0.4476320108311054
21.254939682892903,-0.4472064736835897
21.202100354412856,-0.44678148746668533
21.149260743555054,-0.44635684318270386
21.0964206781727,-0.4459323318339443
21.043579986119,-0.44550774442272356
20.99073849524719,-0.44508287195134244
20.937896033410482,-0.44465750542210536
20.885052428462085,-0.4442314358373176
20.83220750825524,-0.4438044541992978
20.779361100643147,-0.44337635151034327
20.726513033479026,-0.4429469187727584
20.673663134616096,-0.4425159469888449
20.620811231907577,-0.4420832271609294
20.567957153206702,-0.44164855029129857
20.515100726366658,-0.441211707382271
20.462241779240685,-0.4407724894361422
20.409380139681986,-0.44033068745522996
20.356515635543815,-0.4398860924418351
20.303648094679346,-0.43943849539826907
20.25077734494181,-0.43898768732682925
20.19790321418444,-0.4385334592298271
20.145025530260444,-0.4380756021095742
20.09214412102304,-0.43761390696836244
20.03925881432544,-0.4371481648085158
19.986369438020876,-0.43667816663232983
19.933475819962556,-0.4362037034421178
19.880577814857677,-0.4357245858281882
19.82767544863653,-0.43524074927557255
19.77476881447287,-0.43475217831851865
19.721858005700003,-0.43425885760760785
19.668943115651235,-0.4337607717934473
19.616024237659882,-0.43325790552664145
19.56310146505923,-0.4327502434577948
19.510174891182583,-0.4322377702374949
19.457244609363244,-0.4317204705163533
19.404310712934517,-0.431198328944955
19.351373295229724,-0.43067133017392756
19.298432449582133,-0.43013945885384963
19.24548826932507,-0.42960269963533015
19.192540847791822,-0.4290610371689638
19.139590278315712,-0.4285144561053613
19.086636654230045,-0.42796294109511734
19.033680068868097,-0.4274064767888346
18.980720615563175,-0.42684504783710775
18.927758387648613,-0.4262786388905475
18.87479347845769,-0.42570723459974147
18.821825981323702,-0.42513081961530474
18.76885598957997,-0.4245493785878294
18.715883596559774,-0.42396289616791805
18.662908895596445,-0.4233713570061717
18.60993198002327,-0.42277474575318763
18.55695294317356,-0.4221730470595757
18.5039718783806,-0.4215662455759226
18.45098887897771,-0.42095432595284255
18.3980040382982,-0.4203372728409329
18.345017449675343,-0.4197150708907822
18.292029206442464,-0.4190877047530073
18.239039401932853,-0.4184551590781975
18.186048129479833,-0.41781741851696896
18.133055482416694,-0.41717446771990563
18.08006155407674,-0.416526291337612
18.02706643779327,-0.41587287402069517
17.974070226899585,-0.4152142004197428
17.921073014728993,-0.4145502551853717
17.868074894614818,-0.4138810229681802
17.815075959890315,-0.41320648841875407
17.76207630388883,-0.4125266361877147
17.709076019943637,-0.4118414509256434
17.656075201388063,-0.4111509172831518
17.60307394155539,-0.41045501991084166
17.55007233377893,-0.4097537434593077
17.497070471391993,-0.4090470725791526
17.44406844772786,-0.40833499192097733
17.391066356119868,-0.4076174861353872
17.3380642899013,-0.4068945398729795
17.285062342405443,-0.4061661377843446
17.232060606965632,-0.40543226452011183
17.179059176915136,-0.4046929047308421
17.126058145587287,-0.4039480430671656
17.073057606315377,-0.4031976641796744
17.0200576524327,-0.402441752718965
16.96705837727257,-0.4016802933356498
16.914059874168295,-0.40091327068031113
16.86106223645316,-0.4001406694035605
16.808065557460477,-0.39936247415600956
16.755069930523547,-0.39857866958823784
16.70207544897568,-0.39778924035085694
16.649082206150187,-0.3969941710944731
16.596090295380346,-0.39619344646967747
16.543099809999465,-0.39538705112707007
16.49011084334086,-0.3945749697172598
16.437123488737836,-0.3937571868908405
16.384137839523675,-0.3929336872984175
16.33115398903169,-0.39210445559058016
16.27817203059519,-0.3912694764179463
16.225192057547474,-0.3904287344311079
16.172214163221856,-0.3895822142806704
16.119238440951598,-0.3887299006172178
16.066264984070052,-0.3878717780913741
16.0132938859105,-0.3870078313537215
15.960325239806242,-0.3861380450548717
15.907359139090602,-0.3852624038454273
15.854395677096843,-0.3843808923759724
15.801434947158292,-0.38349349529713095
15.748477042608254,-0.38260019725947814
15.695522056780032,-0.3817009829136362
15.64257008300692,-0.3807958369102007
15.58962121462223,-0.37988474389975924
15.536675544959252,-0.3789676885329323
15.483733167351296,-0.37804465546030563
15.43079417513168,-0.3771156293324873
15.377858661633695,-0.3761805948000809
15.324926720190621,-0.3752395365136687
15.2719984441358,-0.37429243912388
15.219073926802505,-0.37333928728129084
15.166153261524059,-0.3723800656365084
15.11323654163375,-0.37141475884014596
15.060323860464884,-0.37044335154278585
15.007415311350766,-0.36946582839504405
14.954510987624712,-0.36848217404750816
14.90161098262,-0.36749237315078975
14.848715389669948,-0.3664964103554835
14.795824302107864,-0.36549427031219395
14.74293781326703,-0.3644859376715175
14.69005601648077,-0.36347139708405507
14.637179005082373,-0.3624506332004067
14.58430687240515,-0.3614236306711831
14.5314397117824,-0.3603903741469674
14.478577616547426,-0.35935084827837827
14.425720680033539,-0.3583050377160042
14.372868995574027,-0.3572529271104514
14.320022656502204,-0.35619450111232354
14.267181756151363,-0.35512974437220635
14.214346387854828,-0.35405864154071764
14.161516644945873,-0.3529811772684548
14.108692620757818,-0.3518973362060107
14.055874408623968,-0.35080710300399254
14.003062101877607,-0.3497104623129923
13.950255793852065,-0.34860739878362157
13.897455577880628,-0.3474978970664857
13.8446615472966,-0.3463819418121652
13.791873795433279,-0.34525951767127694
13.739092415623986,-0.3441306092944103
13.686317501202005,-0.34299520133217776
13.633549145500652,-0.3418532784351749
13.580787441853218,-0.34070482525400436
13.528032483593012,-0.33954982643925824
13.475284364053344,-0.338388266641541
13.422543176567501,-0.3372201305114597
13.3698090144688,-0.33604540269961625
13.31708197109053,-0.33486406785659995
13.26436213976601,-0.3336761106330268
13.211649613828534,-0.3324815156794756
13.158944486611407,-0.33128026764657026
13.106246851447924,-0.3300723511848922
13.053556801671395,-0.328857750945053
13.00087443061513,-0.3276364515776544
12.948199831612413,-0.3264084377332921
12.895533097996566,-0.32517369406257046
12.84287432310088,-0.32393220521609223
12.79022360025866,-0.3226839558444423
12.73758102280322,-0.32142893059824473
12.684946684067846,-0.3201671141280853
12.632320677385845,-0.3188984910845676
12.579703096090523,-0.31762304611829073
12.52709403351518,-0.3163407638798583
12.474493582993137,-0.3150516290198704
12.421901837857671,-0.31375562618892694
12.369318891442092,-0.31245274003763335
12.31674483707971,-0.3111429552165843
12.26417976810383,-0.3098262563763825
12.211623777847738,-0.3085026281676244
12.159076959644747,-0.3071720552409172
12.106539406828158,-0.30583452224685725
12.054011212731286,-0.3044900138360527
12.001492470687424,-0.30313851465909636
11.948983274029864,-0.30178000936658655
11.896483716091925,-0.3004144826091304
11.843993890206907,-0.29904191903733235
11.791513889708103,-0.29766230330178
11.739043807928837,-0.2962756200530885
11.686583738202387,-0.2948818539418392
11.634133773862068,-0.2934809896186579
11.581694008241183,-0.29207301173413214
11.52926453467304,-0.29065790493885935
11.476845446490927,-0.2892356538834431
11.42443683702815,-0.28780624321848336
11.372038799618021,-0.28636965759458466
11.319651427593836,-0.28492588166234256
11.267274814288914,-0.2834749000723633
11.214909053036536,-0.2820166974752478
11.162554237170006,-0.28055125852158636
11.110210460022639,-0.2790785678619869
11.057877814927739,-0.27759861014705756
11.005556395218594,-0.2761113700273876
10.95324629422852,-0.27461683215358335
10.90094760529081,-0.27311498117623767
10.848660421738774,-0.2716058017459657
10.796384836905723,-0.2700892785133533
10.744120944124937,-0.2685653961290111
10.691868836729743,-0.2670341392435427
10.639628608053421,-0.26549549250753124
10.587400351429288,-0.2639494405715901
10.53518416019065,-0.2623959680863175
10.4829801276708,-0.2608350597023241
10.430788347203048,-0.25926670007019936
10.378608912120686,-0.25769087384054146
10.32644191575703,-0.2561075656639584
10.274287451445378,-0.2545167601910432
10.222145612519029,-0.2529184420724073
10.170016492311287,-0.2513125959586455
10.11790018415546,-0.24969920650035782
10.065796781384847,-0.24807825834814423
10.013706280521333,-0.24644975850917206
9.96162824552811,-0.2448138138809206
9.909562119605518,-0.2431705592485196
9.857507345948488,-0.24152012939835554
9.805463367751937,-0.23986265911680338
9.753429628210768,-0.2381982831902434
9.70140557051991,-0.2365271364050585
9.649390637874287,-0.23484935354763348
9.597384273468805,-0.2331650694043388
9.545385920498394,-0.23147441876155828
9.493395022157959,-0.22977753640568022
9.441411021642427,-0.22807455712307068
9.389433362146715,-0.22636561570012592
9.337461486865756,-0.22465084692321646
9.285494838994435,-0.22293038557872347
9.233532861727692,-0.22120436645303077
9.18157499826044,-0.2194729243325071
9.129620691787618,-0.21773619400356026
9.077669385504109,-0.215994310252543
9.025720522604846,-0.2142474078658516
8.973773546284757,-0.21249562162986368
8.921827899738748,-0.21073908633095417
8.869883026161748,-0.20897793675550247
8.817938368748667,-0.2072123076899004
8.76599337069442,-0.20544233392051847
8.714047475193933,-0.2036681502337414
8.662100125442123,-0.20188989141595037
8.610150764633914,-0.20010769225352476
8.558198835964212,-0.19832168753283952
8.506243782627937,-0.1965320120402847
8.454285047820015,-0.19473880056222814
8.402322074735366,-0.19294218788506878
8.350354306568892,-0.19114230879517535
8.298381186515531,-0.1893392980789308
8.246402157770191,-0.18753329052271095
8.194416663527782,-0.18572442091289876
8.142424146983249,-0.18391282403587983
8.090424051331482,-0.18209863467802734
8.038415819767408,-0.1802819876257269
7.9863988954859515,-0.1784630176653561
7.934372721682024,-0.17664185958330147
7.882336741550558,-0.1748186481659353
7.8302903982864525,-0.17299351819964048
7.778233135084635,-0.1711666044708009
7.726164395140016,-0.16933804176579415
7.6740836216475365,-0.1675079648710005
7.621990257802095,-0.16567650857280647
7.569883746798602,-0.163843807657579
7.517763531831996,-0.16200999691171436
7.465629056097175,-0.16017521112157684
7.413479762789084,-0.15833958507356272
7.361315095102622,-0.15650325355404604
7.309134496232714,-0.15466635134941065
7.256937409374267,-0.1528290132460164
7.204723277722213,-0.15099137403027996
7.152491544471475,-0.14915356848855765
7.100241652816951,-0.14731573140723508
7.047973045953565,-0.14547799757268365
6.99568516707625,-0.14364050177129783
6.943377459379921,-0.14180337878946414
6.891049366059475,-0.13996676341353353
6.838700330309852,-0.13813079042991738
6.786329795325962,-0.1362955946249791
6.733937204302723,-0.13446131078510692
6.681522000435065,-0.1326280736966794
6.629083626917888,-0.1307960181460741
6.576621526946115,-0.12896527891966514
6.5241351437146715,-0.12713599080385052
6.471623920418482,-0.12530828858499987
6.4190873002524445,-0.1234823070494997
6.366524726411486,-0.1216581809837205
6.313935642090529,-0.11983604517405055
6.261319490484492,-0.11801603440686659
6.208675714788296,-0.11619828346855421
6.156003758196848,-0.11438292714549014
6.1033030639050665,-0.11257010022405023
6.050573075107879,-0.11075993749062096
5.997813235000201,-0.10895257373158707
5.945022986776959,-0.10714814373332082
5.8922017736330545,-0.10534678228220606
5.839349038763412,-0.10354862416462574
5.78646422536295,-0.10175380416694679
5.7335467766266,-0.0999624570755735
5.680596135749262,-0.09817471767687103
5.627611745925858,-0.09639072075721877
5.574593050351309,-0.09461060110300856
5.521539492220533,-0.09283449350059847
5.468450514728458,-0.0910625327363963
5.415325561069988,-0.0892948535967637
5.362164074440042,-0.0875315908680907
5.30896549803354,-0.0857728793367496
5.255729275045407,-0.08401885378912866
5.202454848670568,-0.0822696490116126
5.1491416621039185,-0.08052539979056128
5.09578917715517,-0.07878621635488692
5.042398690136718,-0.07704978877132085
4.988974855050104,-0.07530937748536282
4.935522684500414,-0.07355776985582985
4.882047191092759,-0.07178775324154607
4.82855338743224,-0.06999211500132851
4.775046286123956,-0.06816364249400131
4.721530899773022,-0.06629512307839214
4.668012240984517,-0.06437934411331092
4.614495322363549,-0.06240909295759067
4.560985156515224,-0.0603771569700573
4.507486756044642,-0.058276323509518946
4.45400513355691,-0.05609937993480152
4.400545301657111,-0.05383911360472915
4.347112272950358,-0.05148831187812597
4.293711060041749,-0.049039762113803675
4.240346675536401,-0.046486251670602385
4.187024132039387,-0.04382056790732669
4.1337484421558255,-0.04103549818281316
4.080524618490809,-0.038123829855871705
4.027357673649444,-0.035078350285331794
3.974252620236845,-0.03189184683001578
3.921214470858084,-0.028557106848733582
3.86824823811828,-0.025066917700316438
3.8153589346225267,-0.021414066743588478
3.7625515729759407,-0.01759134133737028
3.7098311657836067,-0.013591528840480649
3.657202725650624,-0.00940741661174549
3.6046712651821036,-0.005031792009983604
3.552241796983145,-0.0004574423940173489
3.49991933365885,0.004322844877334475
3.4477088878143114,0.009316282445244184
3.3956154720546365,0.014530082950887646
3.3436440989849228,0.019971459035449612
3.2917997812102744,0.02564762334011128
3.2400875313357993,0.031565788506041415
3.188512361966586,0.03773316717442121
3.137079285707742,0.044156971986419435
3.085793315164363,0.050844415583236824
3.0346594629415637,0.057802710606035035
2.983682741644426,0.06503906969599349
2.9328681638780587,0.07256070549429694
2.8822207422475703,0.08037483064211237
2.8317454893580507,0.08848865778062986
2.781447417814615,0.09690939955102174
2.7313315402223477,0.10564426859445497
2.681402869186357,0.11470047755213209
2.631666417311745,0.12408523906521296
2.5821271972036097,0.13380576577488412
2.532790221467062,0.1438692703223179
2.4836605027071865,0.154282965348699
2.4347430535290986,0.16505406349519092
2.38604288653789,0.1761897774029908
2.337565014338674,0.18769731971325676
2.289314449536535,0.1995839030671842
2.24129620473658,0.21185674010594902
2.193515292543916,0.22452304347071994
2.145976725563635,0.2375900258026924
2.0986855164008524,0.25106489974301205
2.0516466776606563,0.26495487793288497
2.0048652219481458,0.27926717301348525
1.9583461618684304,0.2940089976259834
1.9120945100266145,0.3091875644115589
1.866115279027781,0.3248100860114018
1.8204134814770505,0.3408837750666702
1.7749941299795111,0.357415844218556
1.7298622371402672,0.374413506108235
1.6850228155644338,0.39188397337687775
1.6404808778570885,0.4098344586656708
1.5962414366233464,0.42827217461578826
1.552309504468301,0.4472043338684166
1.5086900939970604,0.4666381490647211
1.4653882178147288,0.4865808328458865
1.4224088885263964,0.5070395978530922
1.3797571187371673,0.5280216567275122
1.3374379210521443,0.5495342221103243
1.2954563080764352,0.5715845066427079
1.2538172924151283,0.5941797229658476
1.212525886673328,0.6173270837209088
1.171587103456142,0.6410338015490833
1.1310059553686642,0.6653070890915362
1.090787455016006,0.6901541589894524
1.0509366150032537,0.7155822238840113
1.0114584479355155,0.7415984964163869
0.9723579664178938,0.7682101892277586
0.9336401830554895,0.795424514959306
0.8953101104534049,0.823248686252203
0.8573727612167339,0.8516899157476363
0.8198331479505825,0.8807554160867763
0.7826962832600515,0.9104523999108007
0.745967179750247,0.940788079860889
0.709650850026259,0.971769668578224
0.6737523066931956,1.0034043787039764
0.6382765623561539,1.0356994228793361
0.6032286296202365,1.0686620137454703
0.568613521090553,1.1022993639435494
0.5344362493721935,1.1366186861147671
0.500701827070257,1.1716271929003064
0.467415266789855,1.2073320969413182
0.43458158113607936,1.2437406108790103
0.4022057827140433,1.280859947354534
0.3702928841288333,1.3186973190090896
0.3388478979855538,1.3572599384838497
0.30787583688931086,1.396555018419983
0.27738171344520346,1.436589771458685